"cluster","cell_type","ct_Pulp_fibroblast1","ct_Perivascular_MCAM1","ct_Odontoblast1","ct_Endothelial1","ct_Schwann_glia1","ct_T_NK1","ct_Myeloid1","ct_B_plasma1","ct_Epithelial1","ct_Erythrocyte1"
"0","Pulp_fibroblast",0.857,-0.256,0.006,-0.285,-0.03,-0.28,-0.335,-0.007,0.003,-0.003
"1","Pulp_fibroblast",0.878,-0.185,-0.001,-0.28,-0.028,-0.27,-0.318,-0.007,0.03,-0.002
"2","Endothelial",-0.697,-0.199,-0.001,1.146,-0.033,-0.26,-0.21,-0.005,-0.017,0
"3","Pulp_fibroblast",0.846,-0.041,-0.002,-0.115,-0.007,-0.175,-0.141,-0.007,0.002,0.02
"4","Perivascular_MCAM",-0.136,1.704,-0.003,-0.257,-0.012,-0.237,-0.253,-0.007,-0.016,-0.004
"5","Myeloid",-0.529,-0.233,-0.002,-0.063,-0.025,-0.26,1.633,-0.007,-0.012,-0.002
"6","T_NK",-0.466,-0.097,-0.002,-0.118,-0.015,0.981,-0.118,0.021,-0.011,-0.001
"7","T_NK",-0.473,-0.133,-0.002,-0.13,-0.012,1.868,-0.14,0.062,-0.009,-0.002
"8","Pulp_fibroblast",0.808,-0.256,0.003,-0.27,-0.029,-0.283,-0.334,-0.007,-0.008,-0.003
"9","Myeloid",-0.249,-0.099,0,0.013,-0.01,-0.149,1.275,-0.002,-0.008,-0.003
"10","Myeloid",-0.705,-0.223,-0.002,-0.128,-0.018,-0.208,0.876,-0.005,-0.012,-0.004
"11","T_NK",-0.507,-0.158,-0.002,-0.157,-0.008,1.364,-0.15,0.033,-0.016,0.016
"12","Endothelial",-0.703,-0.141,-0.001,1.838,-0.031,-0.268,-0.266,-0.005,-0.029,-0.003
"13","Schwann_glia",-0.443,-0.038,-0.003,-0.158,2.475,-0.195,-0.176,-0.014,0.156,-0.008
"14","Pulp_fibroblast",0.785,-0.187,-0.003,-0.295,-0.03,-0.269,-0.306,-0.007,0.015,0.001
"15","Pulp_fibroblast",0.275,-0.221,0.002,-0.296,-0.044,-0.178,-0.252,-0.007,-0.035,-0.008
